"id","growth_2_6"
7242,5.60637881940093
7243,3.31106526662233
7244,5.29562358060192
7245,6.61224716577172
7246,3.78687358969296
7247,3.39728586743739
7248,4.47577969941618
7249,5.50782637986565
7250,1.37480847883768
7251,1.10460348927346
7252,2.90118702098442
7253,6.79012622927849
7254,6.03958898365564
7255,3.31741038810372
7256,1.02665427955385
7257,0.956610896926973
7258,1.4274845417328
7259,3.20239105362608
7260,6.56605342902363
7261,5.27229544677552
7262,1.55895837651916
7263,4.59338490682667
7264,3.48674969736107
7265,2.54048061478663
7266,2.90261209185898
7267,4.8007555995848
7268,4.63396394515019
7269,2.43814647764353
7270,5.5491320321848
7271,1.22436922291661
7272,6.64439350651094
7273,3.4709094110718
7274,4.8059798637543
7275,6.42581589643502
7276,4.41191232488215
7277,0.803274137325572
7278,5.6818454014997
7279,1.11487707103729
7280,2.09154650653906
7281,6.62825135008537
7282,1.08505418394736
7283,1.65091611290316
7284,3.36863747079366
7285,1.46851449350264
7286,2.88791425705865
7287,7.31424739197171
7288,6.97623221731164
7289,4.7885141111939
7290,6.34246603776036
7291,2.87502270373792
7292,1.40073657707888
7293,5.12841537011111
7294,4.38338068520856
7295,4.24386868774233
7296,2.04320349487862
7297,0.820699886819599
7298,1.23334447760451
7299,3.01260001399741
7300,3.31276706573012
7301,2.86418789575899
7302,1.50823345967147
7303,2.26453576586585
7304,7.25087850464344
7305,4.28481302223816
7306,3.749093750859
7307,7.01964604169745
7308,6.77823942868477
7309,7.31582401922985
7310,0.897247292883988
7311,3.64529771688664
7312,6.07730527745955
7313,1.32945896262026
7314,3.68713808333214
7315,3.40908025255985
7316,1.42155234945834
7317,2.03692536835141
7318,3.07608044692513
7319,3.66108628665591
7320,0.794929781370705
7321,2.53611407498577
7322,2.62454183696011
7323,2.34688601707628
7324,0.938209508930383
7325,5.08321106125823
7326,7.00826997921618
7327,4.06297197911497
7328,0.787104701232497
7329,2.24958761298027
7330,1.7971522205583
7331,6.26372004254116
7332,5.12186902062239
7333,0.794300963154642
7334,1.85202175084966
7335,7.21111686202372
7336,5.34388363624079
7337,2.18008693698424
7338,5.51989382239887
7339,1.06945822439955
7340,6.86642005855897
7341,5.99224282832637
7342,5.87758088198449
7343,3.32978146083156
7344,4.81207704255752
7345,7.21043371701466
7346,4.89269505686388
7347,6.94410690407517
7348,5.84655913966408
7349,3.64633913928186
7350,3.07590998561204
7351,3.43183283336373
7352,5.55457373522701
7353,6.97875540557392
7354,6.96371912373091
7355,1.69261128035922
7356,4.60864206098353
7357,5.81054528708025
7358,5.68701404435068
7359,0.8965119917368
7360,3.78080643793741
7361,1.13739558439706
7362,2.09045556277236
7363,6.87924586081742
7364,3.47907166357674
7365,6.16678286323501
7366,4.21733833412601
7367,6.8148405084027
7368,7.10984629872821
7369,1.06540752420365
7370,0.870578591938317
7371,3.25948910989197
7372,5.09256160245036
7373,4.94490289639111
7374,3.25523664689297
7375,3.42574014189579
7376,2.75246069452844
7377,3.25526153065819
7378,7.20204223007917
7379,1.6275632352106
7380,2.50590308373383
7381,1.00198265105082
7382,1.17359110499565
7383,7.18132442762571
7384,6.22566246000481
7385,0.81811808950163
7386,5.74567888120118
7387,3.25618044858207
7388,3.04454386262527
7389,3.52829768642654
7390,2.80483800317743
7391,3.14268491048749
7392,3.40491880176951
7393,1.31863299024985
7394,1.20888973769021
7395,3.84058277584165
7396,6.02167857468507
7397,6.85874921137188
7398,4.45435751177663
7399,1.27445000805819
7400,4.36747335132001
7401,4.42876213564519
7402,3.21566376429843
7403,5.05957755139736
7404,6.0682761354485
7405,0.754699269108692
7406,3.37822941014855
7407,6.36025778509284
7408,1.41988890583978
7409,2.59466990463197
7410,1.33860224981292
7411,0.691855465354887
7412,4.76929789827405
7413,4.5179994785879
7414,2.55169015980011
7415,7.29760347356541
7416,7.10978497385282
7417,2.83135331517304
7418,5.55802041014939
7419,4.94046430342612
7420,2.26232797274619
7421,7.16044694774045
7422,0.854745396365349
7423,1.849851860628
7424,5.95543025146832
7425,7.13844718646968
7426,0.863448323308253
7427,2.91121715003593
7428,3.57000889772279
7429,4.00863796829305
7430,3.14940770975744
7431,2.81637199741313
7432,4.07843062583968
7433,4.39076349304153
7434,4.31418482934885
7435,4.06745913600637
7436,7.18908742147081
7437,3.01212454693976
7438,2.71206079987522
7439,0.83567243163992
7440,6.72624284439004
7441,5.56287028505431
7442,4.41305584704088
7443,6.99157474980093
7444,3.44853756217303
7445,1.39786182950567
7446,1.95224143527534
7447,1.94921285141041
7448,5.57802863590312
7449,7.30640961325747
7450,4.81665079821509
7451,1.05002304483523
7452,2.75456177980186
7453,2.34147683088527
7454,3.52385368231911
7455,7.02521140107503
7456,3.60899472336215
7457,5.20580149634185
7458,2.07782314948834
7459,4.44667289632112
7460,3.99199039952639
7461,0.83612867946095
7462,4.87457639060534
7463,4.95768525137533
7464,2.54146019160454
7465,0.83846786340571
7466,5.14270924786678
7467,5.5085079681588
7468,0.888511638406249
7469,6.81930897681983
7470,6.95070136603016
7471,3.67353230115821
7472,4.71531319287948
7473,0.397904202724886
7474,3.05464407410207
7475,7.28509914158974
7476,5.45151789443645
7477,1.76363079871444
7478,2.54685267001158
7479,2.97725673235119
7480,1.41301516074882
7481,3.80589515911896
7482,4.23829524124655
7483,6.3938225541449
7484,4.20526667657655
7485,2.44204872877123
7486,5.71777720987099
7487,7.07182925365118
7488,0.910912635778158
7489,1.74308707316717
7490,4.39442309235814
7491,1.09393462867987
7492,0.688561989114149
7493,3.06723219960395
7494,1.05635159505573
7495,6.75298171365604
7496,0.782579257624355
7497,4.05391111865844
7498,0.720621487948223
7499,5.18346321472063
7500,3.59849154239626
7501,0.801296530359565
7502,4.34236256470175
7503,2.78833068128079
7504,6.29312101507223
7505,3.1955361467218
7506,7.00431628391638
7507,5.62926781707744
7508,4.83642212455992
7509,3.53839592336067
7510,3.08626366257184
7511,6.78396163880665
7512,4.03458428671513
7513,6.67761853260836
7514,5.69967531947495
7515,2.96699661633579
7516,1.14630645751192
7517,1.54036045361857
7518,6.8235859582033
7519,4.52218010943921
7520,7.20273913251495
7521,4.0579667236809
7522,6.15110128487405
7523,0.83435577063399
7524,2.97937830850781
7525,6.09128333835579
7526,3.10533224053335
7527,3.04275519212241
7528,3.22853269781516
7529,3.43383795127181
7530,4.80607609643755
7531,2.56690607703672
7532,4.74205590400289
7533,2.74141832472447
7534,4.89314920109501
7535,2.00538012462
7536,1.3300330356572
7537,3.83534779320308
7538,1.62614536728674
7539,7.03268653736237
7540,2.04322175136183
7541,6.52655955813654
7542,4.86592430077065
7543,3.21137096745071
7544,4.50438253442897
7545,7.24446160915927
7546,4.2045398652615
7547,0.825726310566812
7548,2.06105594030639
7549,4.2898117339586
7550,2.78895259988894
7551,6.08669194686459
7552,1.25788784773975
7553,1.26819545534949
7554,3.90261946095583
7555,1.84559630625393
7556,4.57801987035746
7557,2.37763098465842
7558,6.09356801723765
7559,1.43951867856235
7560,2.58050101594554
7561,2.21487298469711
7562,0.908549676363054
7563,7.45750644404395
7564,4.87035015884287
7565,3.21801495659839
7566,1.73605544262909
7567,4.02842624179638
7568,1.59521460309223
7569,3.5065597421406
7570,5.5073456134198
7571,4.13985300020332
7572,2.36514312654923
7573,4.16537679077999
7574,1.2792840913149
7575,6.07181296460577
7576,4.83696331140952
7577,4.70029202834102
7578,3.15438046551475
7579,3.74346361704853
7580,3.33981284335253
7581,2.69898287518508
7582,6.58217995755451
7583,3.43703502523438
7584,1.50984554812598
7585,2.40406326007764
7586,1.08427401037078
7587,0.703410082203659
7588,3.87408126858463
7589,3.25303918186821
7590,2.62803149197037
7591,6.73572723196527
7592,1.91036067589853
7593,0.754747071184152
7594,5.51710127667511
7595,7.11335734084442
7596,2.29093624170029
7597,4.83341629122717
7598,2.7579344342277
7599,2.76677081128939
7600,3.06588162683377
7601,0.591597783007556
7602,1.80058210881732
7603,5.37408638062783
7604,7.11006209733679
7605,2.90535428075294
7606,2.09225720253781
7607,1.64781706487886
7608,2.57771414875081
7609,5.91641012233226
7610,0.764685327541371
7611,5.15951981428888
7612,6.37171436244062
7613,2.04919073951893
7614,0.886999200362282
7615,1.15426784742358
7616,3.51952921526457
7617,6.79448247306782
7618,1.16917351819699
7619,3.78848350902206
7620,1.69924851477032
7621,6.23479810035223
7622,2.83367998896322
7623,7.02669154772589
7624,1.50184636020724
7625,4.89734239190897
7626,5.86471193551921
7627,4.01057134061331
7628,3.61372832576662
7629,5.04879753399986
7630,4.49806085000193
7631,1.11984299801639
7632,4.45917503615682
7633,6.59092074145646
7634,6.98324724501549
7635,1.87384021916172
7636,3.88483110207
7637,4.38381352592943
7638,2.62270767527563
7639,3.91250548382906
7640,0.841499428656469
7641,5.13008692679115
7642,0.915914996682844
7643,3.84397288491528
7644,4.19373084028312
7645,7.21254145526849
7646,4.20272697807397
7647,3.91105136110833
7648,3.06067363495605
7649,6.05538007418822
7650,2.25357188184029
7651,0.765231654962647
7652,0.794823637343562
7653,6.61463278862438
7654,5.92480827656189
7655,5.60941205869642
7656,5.6483774643065
7657,6.78086812694295
7658,7.32234941474908
7659,4.72165705221366
7660,3.56760132372002
7661,0.945669686684858
7662,2.14361882974035
7663,0.84943245104769
7664,5.20850756862783
7665,3.17216767882351
7666,2.41199998713333
7667,3.88784767815964
7668,5.80935341154369
7669,3.38549172735686
7670,5.36995717456879
7671,3.1124736059778
7672,7.19596799084382
7673,7.08906666786163
7674,6.58438550467521
7675,3.47734417591788
7676,0.48748797229771
7677,1.67832382118527
7678,7.11510158916943
7679,7.28416882054056
7680,2.52425053472155
7681,1.86429560725126
7682,2.07665857135839
7683,3.19986885376909
7684,1.15581452725821
7685,0.921030407751426
7686,5.58225112225283
7687,4.60916820517971
7688,6.24008339808959
7689,0.926267297722235
7690,2.83183626666498
7691,2.33006460111827
7692,3.88661681247163
7693,1.62118702573481
7694,1.84142755521003
7695,1.13975496729411
7696,6.48373847852322
7697,0.925018715984822
7698,5.68703492963461
7699,2.59371508585436
7700,6.35398434623137
7701,3.0077423401855
7702,2.12266858855387
7703,4.20114125260397
7704,5.55085176806505
7705,3.04171794643508
7706,5.41638488702585
7707,1.38951819637734
7708,6.77135395092783
7709,6.73178821871522
7710,6.75609799655665
7711,0.766595132520537
7712,6.92778092637124
7713,2.92289168289787
7714,4.64537839121991
7715,2.98851435042311
7716,1.28112783890191
7717,6.47502274089958
7718,5.07896598634378
7719,0.89202774600925
7720,6.62031219439377
7721,4.92426280742418
7722,5.28403591890682
7723,3.30008082702154
7724,5.75841131569396
7725,0.913167264749377
7726,4.91999096975751
7727,2.66265013082011
7728,5.40685544404382
7729,5.00493162093875
7730,5.31283041309151
7731,4.44296496204948
7732,1.33710985768146
7733,6.72242212173852
7734,6.94231728284343
7735,0.678274506058982
7736,4.91829745159742
7737,6.09096881240902
7738,5.34874272602451
7739,5.98007733913787
7740,1.15929527241657
7741,3.9911445249674
7742,5.17119964598506
7743,5.91945433193746
7744,1.27665163224342
7745,2.63874579095442
7746,1.29291979148977
7747,0.696576406964369
7748,2.92298205480473
7749,0.769568826072106
7750,2.17302347104851
7751,1.18530073330656
7752,5.13831692906978
7753,4.45503213730049
7754,1.38440138290533
7755,0.803372677697073
7756,0.649702784382449
7757,5.41790398347264
7758,6.49831411558635
7759,4.65484249702219
7760,1.30335483551528
7761,1.55236827250945
7762,0.809514989689682
7763,0.913845959695779
7764,3.02453667267948
7765,1.2908338802059
7766,4.51850154882811
7767,6.20528385732573
7768,1.71808206440157
7769,6.70691857504262
7770,6.40586583743005
7771,2.92023902548816
7772,4.77491133289678
7773,5.89259417691788
7774,3.23377118988444
7775,5.36973250283493
7776,4.12147961156476
7777,3.64268638849552
7778,6.22417675797331
7779,4.65638368097104
7780,0.781318083187969
7781,2.19548527528438
7782,6.32137949703184
7783,2.93166208824051
7784,7.15567343723748
7785,0.785650558215148
7786,1.33946317289465
7787,1.37806924363901
7788,0.846548774874723
7789,6.68863925966386
7790,3.03605362721209
7791,4.32415786377655
7792,5.63627009533153
7793,3.0069235425926
7794,5.05442455768842
7795,6.65822877708813
7796,4.16091941796024
7797,4.81153863269083
7798,3.67518503687213
7799,2.44225384226935
7800,3.42487429504703
7801,2.52594850737964
7802,3.36720308771725
7803,5.1156794507618
7804,5.68920320786585
7805,3.23812288365358
7806,5.46099011108864
7807,6.66801105849711
7808,1.72802180889872
7809,3.69132475352533
7810,2.50524835317606
7811,7.56838278213472
7812,4.61509838743989
7813,0.754468433628165
7814,3.0686476556064
7815,4.09701728544292
7816,1.7197205878064
7817,3.15676337365622
7818,2.62324118639507
7819,5.91679836241767
7820,2.8129066507171
7821,0.504269784892858
7822,1.82440143711037
7823,5.08680587779892
7824,2.87294376414662
7825,0.752922666629467
7826,6.30235894080465
7827,4.21075092310343
7828,3.27224491726945
7829,6.16693126774906
7830,4.81831586885347
7831,6.33854992120415
7832,2.87278209242523
7833,3.18376445602194
7834,8.14549551016916
7835,4.4175395112249
7836,1.3919713434371
7837,4.50069702130099
7838,4.02500947248588
7839,0.748776556925548
7840,0.814788163053946
7841,6.30282580761099
7842,6.1850612290155
7843,2.42546762014684
7844,7.17144697608621
7845,4.03576256303901
7846,6.89256667238397
7847,0.685294126826051
7848,7.20736262791693
7849,5.13032308126592
7850,5.25362358021439
7851,3.49932090236806
7852,2.93425919027788
7853,0.9890792279691
7854,7.15102351204425
7855,3.02541462833357
7856,6.12830516528811
7857,1.13918995203417
7858,4.32579725813506
7859,4.89208289544489
7860,4.52098283563777
7861,6.96853113946111
7862,3.02221102861946
7863,3.17099719681929
7864,6.32122881796506
7865,3.85703107269985
7866,4.280251679785
7867,2.40263471239063
7868,1.32760849821424
7869,3.14175576443585
7870,6.38268786683335
7871,5.45340469776493
7872,3.95341464762113
7873,1.04802912889542
7874,4.26806514184716
7875,0.881466877652021
7876,2.04146212685604
7877,6.47353589441198
7878,2.18132278604293
7879,0.864058790599798
7880,4.31123307216139
7881,6.97802499390752
7882,3.20629031696639
7883,6.60633249556811
7884,5.30245344663712
7885,3.94596636267877
7886,0.836360519644811
7887,3.99576501692462
7888,1.25775455651682
7889,2.38553284847145
7890,5.37961784248869
7891,4.91974523218671
7892,6.54368027563249
7893,0.805415698142494
7894,0.824254131863038
7895,5.26038326721738
7896,7.00797516010288
7897,3.45211377717187
7898,7.3402025029158
7899,4.35048948339134
7900,3.52353661288794
7901,2.27804120194709
7902,6.62577043772201
7903,0.752845862619918
7904,1.08081087381691
7905,3.71090025562933
7906,6.21535280582795
7907,0.878849276075724
7908,1.34075307337562
7909,0.345184321863785
7910,2.97689562457582
7911,4.67456689593251
7912,2.4019262684579
7913,2.83945326242025
7914,4.71839814183408
7915,6.59711331882358
7916,6.24591053199713
7917,2.13520695604838
7918,1.36914889966911
7919,5.16469682874864
7920,2.42845303011
7921,5.85539385287805
7922,6.9092097180891
7923,4.90950914044059
7924,1.15990886789396
7925,2.40187775918396
7926,7.4932331904559
7927,2.72661821608009
7928,2.293806081065
7929,7.28120426094236
7930,0.734592080364707
7931,0.774661348434328
7932,1.76562876398323
7933,4.34137061720821
7934,6.00015339507661
7935,3.34494672250969
7936,6.59678143807592
7937,0.699806106485144
7938,0.681902421102096
7939,0.675457269469448
7940,3.51348111605134
7941,5.06019589942194
7942,3.7055794713748
7943,5.74054720794344
7944,3.05518909202656
7945,6.0089851645402
7946,1.32568907096338
7947,4.39975208292536
7948,2.6181682205889
7949,7.28831163562356
7950,4.38402255860374
7951,2.21434895473282
7952,2.52852602657613
7953,0.860732912201381
7954,5.11845019370702
7955,5.33655070280206
7956,3.23591050818038
7957,3.04125775362043
7958,0.817962210762122
7959,6.95579427300834
7960,6.67017806083703
7961,6.30824579912828
7962,6.55300809079034
7963,2.22712859155292
7964,3.92317509025105
7965,1.57601156604958
7966,6.52563424077727
7967,3.72755603741256
7968,3.94855746175537
7969,6.12758914401293
7970,4.45354333290312
7971,3.28384255637752
7972,1.35965877967494
7973,7.7848619150835
7974,3.83423057795008
7975,2.64084168775859
7976,1.86723411727892
7977,5.97802371815403
7978,4.20276370193895
7979,3.00008587869767
7980,1.65122941925463
7981,7.19541603104513
7982,2.41931810926938
7983,2.95065058119058
7984,0.700356496186026
7985,5.90925094403357
7986,4.23554781950929
7987,6.5410838401283
7988,4.65055372439838
7989,3.71317164998136
7990,4.25409003544402
7991,6.74441579843617
7992,5.69892335278832
7993,3.31442800410525
7994,5.5397254754468
7995,6.52048326761397
7996,6.89125700083582
7997,1.25860909970618
7998,1.89326735634828
7999,1.29636152092291
8000,1.4800303790358
8001,1.12700089907467
8002,1.74595574799544
8003,6.14124504984214
8004,4.00779147604003
8005,4.5387819261524
8006,0.787915579820288
8007,5.29756394971829
8008,3.05271130068242
8009,0.885056131353428
8010,2.6587016377098
8011,5.7739973258457
8012,7.21350718786927
8013,1.42440835752099
8014,6.62184854261089
8015,0.792688300075674
8016,6.64207093509056
8017,4.06265295166889
8018,3.47508870048067
8019,7.65027521186099
8020,4.53181533213677
8021,6.82325480124099
8022,6.75086001289266
8023,2.10780215488295
8024,3.21148992108968
8025,0.778103172184309
8026,7.17899009021552
8027,3.89377328317353
8028,4.45062580687166
8029,3.24786415369379
8030,8.04100581703028
8031,7.17840111572409
8032,4.48246441297132
8033,7.36853139342754
8034,4.1066355710743
8035,6.92377489938587
8036,6.22794197188943
8037,1.18685313363112
8038,6.14986082825363
8039,3.17157608933945
8040,4.17095186964241
8041,0.784307299934672
8042,3.85175984615919
8043,6.95024815426623
8044,6.68499836853863
8045,4.97741842965038
8046,5.44160591172813
8047,5.07374441883086
8048,6.43903741045223
8049,6.00325438580847
8050,5.80571379320589
8051,3.47079978077647
8052,2.71577704568271
8053,0.888954821596713
8054,7.17936697466147
8055,7.33970995164941
8056,3.81450183620514
8057,1.68174512639371
8058,3.41096121828523
8059,7.20308476055844
8060,4.0399600222179
8061,7.30917063296665
8062,1.01458001647722
8063,6.44268760965648
8064,0.760642624293677
8065,2.41167635775222
8066,3.07109244325388
8067,4.65452118201676
8068,4.51635010176691
8069,7.27230653704752
8070,2.57703082899575
8071,2.23746458979405
8072,5.19263029232081
8073,5.69776661945378
8074,1.31155665215773
8075,6.79075554055843
8076,6.16097678677523
8077,1.41866034124405
8078,5.54280059512898
8079,1.14031288101913
8080,7.03151966031686
8081,0.817700306504029
8082,0.844670111236491
8083,3.96490672083984
8084,3.23049054714075
8085,0.710890232779166
8086,5.54673872815524
8087,2.98946093311913
8088,0.803965498084557
8089,4.35875032697095
8090,5.7706737431063
8091,2.85033405686332
8092,7.18145675052312
8093,7.2583158050007
8094,1.76048678282792
8095,3.31907222038164
8096,6.79022795040054
8097,0.757053162907937
8098,4.76011393270182
8099,6.48437826278074
8100,0.78472025710799
8101,2.55635789774582
8102,0.623132404008943
8103,0.691416956072819
8104,2.8209994332884
8105,4.13865416161092
8106,0.737286950679434
8107,5.17981775419233
8108,2.35312235858648
8109,7.37340652190353
8110,2.5597163836384
8111,1.42602035223333
8112,2.6122640188952
8113,1.89189888691406
8114,0.490757495612813
8115,4.44616953475722
8116,7.28275380004181
8117,5.77348857667475
8118,1.38721392637043
8119,5.12099680833481
8120,3.92199428999161
8121,6.16880931930212
8122,7.01209212160745
8123,4.63155707829829
8124,3.25596202725987
8125,3.044508491172
8126,2.27415110178007
8127,4.62713342903575
8128,5.55379528536804
8129,3.36991262779429
8130,5.45669178896065
8131,2.18966621485059
8132,2.85085297938504
8133,0.727288225152969
8134,0.770174964759569
8135,3.97667234129929
8136,0.812193036132037
8137,4.98003128703819
8138,3.73750558659721
8139,4.57991440910302
8140,3.99923515956704
8141,2.45212149060503
8142,6.96885493182958
8143,3.3322390420883
8144,3.34030745064916
8145,4.78501024442843
8146,7.12332650561569
8147,5.07284129409551
8148,6.55914860177236
8149,3.22994863704414
8150,6.27108952238673
8151,4.84134749240278
8152,4.11982271110271
8153,3.6436852803503
8154,1.15354066442863
8155,6.68857734083594
8156,3.78644861190607
8157,1.37117881010815
8158,5.59126967399786
8159,4.0877358083255
8160,6.9116775048092
8161,4.7798178601487
8162,6.76568968398122
8163,1.10169275755867
8164,1.25235034128086
8165,0.778198136235449
8166,6.46429516746644
8167,0.793211471259621
8168,5.88238677536643
8169,1.08263024849179
8170,4.14497188055254
8171,1.1873050214099
8172,7.05842606256888
8173,4.49357333144518
8174,6.41621819957012
8175,0.795346350795663
8176,1.24202593849397
8177,6.93721380731918
8178,4.59446072095919
8179,4.03754770051561
8180,6.31407344112808
8181,3.21343214281967
8182,1.62508681625085
8183,7.03513882575492
8184,4.46678826489397
8185,4.56341979744626
8186,7.10680112416638
8187,7.34086289593695
8188,3.3692384747823
8189,6.78611182442306
8190,6.46599932101039
8191,6.57465784753027
8192,3.82652388721883
8193,0.840942559384005
8194,3.26044955784384
8195,2.92788970163411
8196,5.47284670812286
8197,6.35694410987716
8198,3.49806962582628
8199,5.14856716984319
8200,0.884605262317228
8201,2.16176637597085
8202,5.67656256926888
8203,7.14752602301364
8204,4.76696042072817
8205,4.17457031566314
8206,1.19280803109869
8207,3.14755472211057
8208,1.33819288471915
8209,3.73797053816381
8210,4.71116413221838
8211,4.44350145091079
8212,5.12709831742099
8213,2.88326993424325
8214,7.01799296289025
8215,3.34407965056367
8216,0.975177850142519
8217,4.53910019667182
8218,2.85291555974729
8219,5.68177742615749
8220,7.21333243235622
8221,1.70954250344727
8222,1.78044039369291
8223,1.22171929699072
8224,0.831762661322225
8225,3.84745822354238
8226,3.43378777025138
8227,2.16534496439249
8228,2.74446178650836
8229,4.30542767769031
8230,3.60392108858039
8231,1.50878130436925
8232,6.44170875532929
8233,2.04557201527205
8234,4.48597376075755
8235,0.417859104020034
8236,5.81596486935269
8237,7.19986745679828
8238,7.4216971660359
8239,1.3769063489306
8240,0.82530949830678
8241,0.890008633324393
8242,6.73534699849539
8243,6.39977827892969
8244,4.83186428705082
8245,1.05145905029003
8246,5.22617932135309
8247,3.61973147334954
8248,0.617968848825824
8249,4.03922813933772
8250,7.09377715458612
8251,4.99754371247955
8252,5.68483245615938
8253,5.89735824085667
8254,1.20764853135708
8255,1.85385211128644
8256,4.20970418572062
8257,6.5114934000194
8258,4.50034314373456
8259,0.858147435440527
8260,4.3642355678075
8261,7.21638544566724
8262,4.06177395502266
8263,4.62221707592256
8264,7.17056304136863
8265,5.06053775986144
8266,3.29202479877046
8267,4.02484722402338
8268,2.3887767552616
8269,0.828339433872323
8270,6.03324228156233
8271,6.7284333437511
8272,3.66636939416746
8273,7.3027832125347
8274,6.90533518664126
8275,5.17602596761453
8276,1.04535490885922
8277,7.04699802562051
8278,2.00841494164322
8279,4.55626944599165
8280,6.87378725586468
8281,1.73973130845757
8282,4.96283496637554
8283,4.84315182097213
8284,5.10161081062206
8285,0.653431667476222
8286,0.669869363508385
8287,6.37299186517841
8288,3.99812693379116
8289,3.49538497673311
8290,1.25013902474029
8291,2.99853055135735
8292,6.34072334487084
8293,5.48874621069767
8294,5.54310584308641
8295,4.39410925546744
8296,4.51940329810631
8297,4.63525848047785
8298,7.21162495488119
8299,1.20775502154826
8300,2.99495042143245
8301,3.67333299228873
8302,5.68855658004667
8303,3.69538434533293
8304,1.89825573098844
8305,3.28510294480865
8306,4.2784270407108
8307,0.615287840902769
8308,4.95452666440517
8309,6.76857127430952
8310,6.60202892084035
8311,6.909818778065
8312,5.6170038880933
8313,3.73945042438128
8314,3.24141304501213
8315,5.28921146287339
8316,6.67652584176365
8317,1.31055664717114
8318,3.39390291034471
8319,6.64066305729914
8320,4.12909506104979
8321,4.56333322465078
8322,7.0246055125461
8323,4.36254986691187
8324,4.34678878610383
8325,4.42450796502097
8326,2.08640575316298
8327,5.7167454563125
8328,6.23350172426358
8329,1.36738260127913
8330,4.03000449618442
8331,2.07193466346696
8332,3.01886450219821
8333,3.87465152567396
8334,6.50256668771822
8335,0.753896344507878
8336,0.849331246181323
8337,1.36655894827167
8338,3.66547137732655
8339,6.10755588991173
8340,5.34988710551955
8341,1.20461522403289
8342,3.80571308683268
8343,7.17539628356608
8344,1.3130346225194
8345,5.7381344782956
8346,3.16800160832859
8347,6.79647466772306
8348,4.78735744978222
8349,5.62997655063095
8350,5.93098437737981
8351,7.43016273706084
8352,7.46643428177365
8353,1.19991682633182
8354,3.80407890320344
8355,0.81502762468952
8356,5.4383741608877
8357,0.824998022443263
8358,0.682968732373606
8359,6.14875742050753
8360,6.85658360144568
8361,2.6397496580515
8362,5.01589438691412
8363,7.47520801277768
8364,1.71657366629024
8365,0.867618366535058
8366,3.85984064301772
8367,3.91632730002155
8368,3.49953907197294
8369,4.99756313621856
8370,4.1985292591493
8371,0.686304039745315
8372,6.02768048109318
8373,1.66958520708996
8374,1.82118011390141
8375,0.781199975152464
8376,4.33331023816228
8377,6.59352062425326
8378,5.21741215785416
8379,0.790329262405781
8380,4.58777521591899
8381,2.03173987315158
8382,1.13892789380863
8383,3.25432354814421
8384,4.97126511824262
8385,2.49801526377441
8386,5.78982524017268
8387,2.34064561757763
8388,3.36778976021818
8389,6.76228673449591
8390,3.0381457370955
8391,5.05896871561176
8392,0.879711542893905
8393,0.68326832340292
8394,6.37301793267997
8395,1.38195276626192
8396,5.23493866194857
8397,2.36880267727844
8398,2.9825669301891
8399,4.43779936242468
8400,0.709603118699653
8401,4.46218722167303
8402,6.92863861972638
8403,1.86007157193689
8404,5.47957081993753
8405,2.93217332406461
8406,6.04328817183046
8407,3.08006279647669
8408,0.666032391866525
8409,6.19398042838344
8410,4.81595020991799
8411,4.9721092781861
8412,0.88938712209304
8413,0.462116639322997
8414,1.64754495283146
8415,3.5893886234726
8416,3.33236974794397
8417,6.45138321427928
8418,3.99193927610502
8419,1.45217961128328
8420,6.5562544820152
8421,5.4454114894897
8422,1.13098308349703
8423,6.72638957992191
8424,4.67295341202146
8425,3.78562011394467
8426,5.71886477876736
8427,4.31549478583821
8428,3.65213358354491
8429,6.5943497825594
8430,4.72431308714329
8431,5.48599825029094
8432,2.83418110639269
8433,4.91426654663647
8434,5.748347015436
8435,3.40060254584167
8436,7.05005897101587
8437,1.02233247930979
8438,5.46119941206644
8439,7.09450626680756
8440,7.10620492450259
8441,4.30605364085922
8442,7.12383633419759
8443,1.06503817277185
8444,4.41699986293058
8445,1.03445994367239
8446,2.0970132603381
8447,1.16124250141863
8448,0.408821876233728
8449,2.49051413368656
8450,6.71233618225498
8451,7.12363131303349
8452,0.788858599411333
8453,1.74084232697257
8454,6.83242814253846
8455,3.94053098397147
8456,3.24856092614663
8457,6.29213808930979
8458,6.80180343552948
8459,5.82296460047259
8460,1.00731386637309
8461,2.10680317264877
8462,1.32995838795729
8463,5.5489116786145
8464,2.99843650511468
8465,0.90231535859153
8466,0.758327721093119
8467,5.88357173937713
8468,2.6146174895627
8469,6.23776736495209
8470,5.91289348118294
8471,0.716091209655599
8472,6.96329196639558
8473,2.81432186191894
8474,4.90354059685232
8475,1.18887329867909
8476,4.22229846725825
8477,6.61442370744346
8478,4.17326084608661
8479,6.61628757522904
8480,2.08042968550939
8481,1.65633422034204
8482,1.46916264474002
8483,3.75487010353586
8484,7.59070467873266
8485,4.84861367605628
8486,5.83033692893208
8487,2.76433553288579
8488,1.95675637162571
8489,1.70020752511502
8490,6.35445869709856
8491,1.66306045910928
8492,7.16011007844736
8493,5.27215658714379
8494,5.44888418656399
8495,2.66258980971243
8496,3.46026417695329
8497,6.86153655893555
8498,6.17949796873723
8499,1.66615308457765
8500,6.45409119951493
8501,2.27503267084559
8502,4.79847445820305
8503,4.5433195190473
8504,6.6537642949109
8505,0.946868258136678
8506,6.88445578112266
8507,1.67081467019568
8508,4.62471304355692
8509,7.05073988939735
8510,0.881317054545369
8511,4.31416574352901
8512,3.217583314662
8513,5.83859505510735
8514,5.94121779558073
8515,6.82276878438584
8516,6.15566566898303
8517,4.09553625830647
8518,3.10162352865592
8519,0.823279614221911
8520,1.189781249738
8521,6.39995720515768
8522,4.23154634146567
8523,3.54105864746783
8524,2.42667546402915
8525,4.3467284929253
8526,6.67772889417162
8527,2.07307046726642
8528,0.807071196327328
8529,7.25806184642127
8530,3.07047899602738
8531,2.42080444971887
8532,5.42975737432184
8533,2.57729468334506
8534,5.66567683356299
8535,6.51207362145534
8536,5.86779286246099
8537,6.06270606941023
8538,3.50626667362431
8539,3.75900797153125
8540,7.01449765452325
8541,2.82584653600561
8542,4.33702296064425
8543,5.04585939737415
8544,3.92465394141095
8545,7.04734376067655
8546,3.86525434258604
8547,4.68583106391104
8548,4.69591436875833
8549,2.54935866603648
8550,2.67507348568631
8551,6.50442126019173
8552,6.53067399007382
8553,5.97316081697843
8554,1.03697982209142
8555,4.65202955492267
8556,4.41316678165609
8557,2.7522036532112
8558,1.13971106554402
8559,0.802717782468223
8560,0.631199557288851
8561,6.32163626763067
8562,5.93563711643442
8563,0.765540472821423
8564,5.48770104320972
8565,1.10316602114985
8566,6.80692140203326
8567,5.3816255447975
8568,2.57767793442721
8569,2.62035651816806
8570,7.12587615411213
8571,4.51455962822452
8572,3.95411853095054
8573,6.13736332348719
8574,0.887792627439478
8575,6.59636682162972
8576,6.84725044420612
8577,6.80599705867203
8578,2.45373760457438
8579,1.1259359261758
8580,3.17454749841149
8581,4.02846513459649
8582,2.3650679461719
8583,3.12661059266637
8584,3.23772662939814
8585,6.26006635626499
8586,1.74730142273212
8587,2.48607738125675
8588,3.11937796275207
8589,2.5195498366259
8590,4.31158018551446
8591,1.61583035880779
8592,0.832920608921513
8593,2.04647877950818
8594,7.09319371540195
8595,1.89896621042128
8596,3.42203449405934
8597,6.7896810901597
8598,1.19306268209892
8599,1.39053514924352
8600,3.4365149998931
8601,7.23393211189484
8602,3.35561318150556
8603,4.90276512446646
8604,5.25120729504625
8605,2.61569924211735
8606,5.52833754304782
8607,6.14980526851347
8608,3.27834078635582
8609,5.37373447183359
8610,5.64226451874449
8611,1.33571759585881
8612,0.700461536025522
8613,5.45414437211612
8614,4.96582666247621
8615,2.95563291390599
8616,5.83458311643598
8617,2.63721386384462
8618,6.52676208895357
8619,6.93634740047019
8620,4.0265322064401
8621,3.22294878767988
8622,5.56447661145319
8623,4.97703400499271
8624,4.02322635029702
8625,3.91361925896372
8626,4.69967648482441
8627,6.46595587080825
8628,4.50483036925677
8629,1.66356593583576
8630,3.92974446797647
8631,2.63807929584964
8632,3.03577059140156
8633,0.779310838871105
8634,1.78017510453373
8635,4.00446401684338
8636,6.06908580134431
8637,7.26926661705484
8638,0.871282310484987
8639,5.24817705892983
8640,7.01171821750201
8641,2.45904508830702
8642,4.99040828503513
8643,3.68035760037237
8644,3.57127782908085
8645,5.15783281589905
8646,5.07824005073702
8647,6.83650136570438
8648,5.11379888252205
8649,5.91304933113232
8650,7.41269388813596
8651,6.91373177267607
8652,2.06327881605262
8653,6.44850440437319
8654,3.58433436642962
8655,2.41891074070333
8656,6.39400276046377
8657,2.30205294051027
8658,6.45028516337046
8659,3.18567358548071
8660,5.45474281868035
8661,3.214560684067
8662,3.6625343471555
8663,1.01665692162223
8664,5.7495435820275
8665,6.74215670958153
8666,3.19732557824571
8667,3.01065391189508
8668,1.59429674704728
8669,3.54481229717023
8670,6.40503189604454
8671,3.81222470474225
8672,3.86173615144102
8673,0.662213780556979
8674,6.93811797214296
8675,1.51702591888234
8676,3.03017231730041
8677,3.29301723819229
8678,4.61951765816359
8679,3.95648219458
8680,1.87025222705537
8681,5.72839914773662
8682,3.1236599729719
8683,4.02864105666705
8684,1.45094127796562
8685,6.96040833579277
8686,7.10485603923839
8687,6.48870035777048
8688,6.29660393745817
8689,3.07600474423687
8690,0.910964454120799
8691,6.71445684935922
8692,2.28122665756239
8693,5.08139051642778
8694,0.777965969669491
8695,2.56011531148806
8696,3.17595523915247
8697,2.69403189739959
8698,3.80989969305866
8699,6.48760817875799
8700,3.38182264504165
8701,1.24341528782047
8702,1.62753480770277
8703,4.77805109565614
8704,2.17246303754332
8705,1.0606077886461
8706,5.29971607285927
8707,1.58936924699451
8708,5.48102391207534
8709,2.87033563605939
8710,4.27535313786898
8711,4.44022036848611
8712,2.98991162610479
8713,6.20020481360445
8714,7.01853206172863
8715,1.76962877373546
8716,3.91700701296413
8717,3.56253351919867
8718,2.23075879801345
8719,0.920668728254179
8720,4.19189922357275
8721,1.40703834841596
8722,1.65113709226608
8723,2.99757122669111
8724,7.11934392169466
8725,1.02199408414335
8726,5.40394021958124
8727,4.10430766963823
8728,1.98491678929585
8729,1.83653149164423
8730,3.06094959357618
8731,1.61092203840526
8732,3.91178253479026
8733,4.13669468779168
8734,0.799216635058973
8735,3.43707334097925
8736,0.902173075608932
8737,4.64056594343841
8738,6.68554255106432
8739,0.956222250913384
8740,1.31905973737971
8741,5.47854877491544
8742,1.84997018924109
8743,2.17281221668046
8744,0.813531998625179
8745,7.0805405042973
8746,5.73082347141536
8747,4.92137734408885
8748,2.90948590748247
8749,3.57888136428741
8750,6.51400693161374
8751,1.71772160548008
8752,7.26001101502058
8753,0.852951123319039
8754,4.47258689542196
8755,6.02966006187597
8756,1.26628798439704
8757,3.94272472792808
8758,0.945359252621508
8759,3.46236951706284
8760,3.2283415266456
8761,1.2537169000262
8762,2.9808895615916
8763,3.61715623645311
8764,4.06046270736402
8765,2.03732475067134
8766,2.42375313916371
8767,4.05239583998542
8768,0.786632499010505
8769,4.23474003100218
8770,3.34337049996034
8771,0.93141805923674
8772,2.51868792469442
8773,3.80037057996609
8774,0.982755022818512
8775,1.16539849412806
8776,7.09660395557099
8777,4.32622626400427
8778,4.35642244296458
8779,0.74405188899133
8780,0.789041508727776
8781,2.93575124793257
8782,6.76577636089652
8783,2.16044593004091
8784,6.77605166183874
8785,3.35907166825567
8786,2.56053462237374
8787,4.23013854879471
8788,3.58929532926932
8789,6.48907161203789
8790,4.52906650334235
8791,0.76680359687928
8792,1.24346537651615
8793,0.900648288410877
8794,3.64817168409922
8795,2.00019715560632
8796,1.39570212064306
8797,6.94042195775333
8798,6.88610622130163
8799,3.35632022788216
8800,7.14719563398523
8801,6.75125098475516
8802,1.31150140492565
8803,4.5626168807377
8804,2.30794233447743
8805,0.807703194327126
8806,4.32220671398533
8807,0.66444071980031
8808,4.81301168981836
8809,5.05248623084804
8810,6.2952847838606
8811,1.55024670804398
8812,0.822806501015323
8813,5.47267253502081
8814,1.09017866109238
8815,3.64662987918579
8816,1.1892061662051
8817,7.00981303453069
8818,2.82583459172621
8819,5.20482079207612
8820,1.83834151940979
8821,3.51839808264217
8822,3.35524730059988
8823,6.59969424180421
8824,1.24349980923557
8825,3.02586788420875
8826,3.55511908264753
8827,1.25327722890963
8828,4.40351206346197
8829,4.15078142226171
8830,1.16773186794142
8831,0.894061116427932
8832,7.18654359980826
8833,5.68860173351535
8834,6.6178385691443
8835,4.6511337937711
8836,2.85793233557551
8837,5.85508069986286
8838,3.25309231826834
8839,0.786694799707441
8840,3.92306414345382
8841,4.22722596711269
8842,4.57672263655768
8843,6.94677576898229
8844,4.5544979134407
8845,1.4926244698958
8846,1.200609484336
8847,4.7731986532249
8848,1.40382032738904
8849,1.39593148255342
8850,2.85034247543393
8851,4.23466300358734
8852,3.42736220893594
8853,7.40761005368455
8854,3.47148284991115
8855,4.74580027158088
8856,5.14479975948914
8857,1.51786424973567
8858,3.0137109868406
8859,4.70252891710269
8860,7.03036581479799
8861,2.91797488281749
8862,1.41963425515222
8863,1.61155412308046
8864,1.60855026863853
8865,3.29926516051485
8866,3.9237272934689
8867,7.02155964019975
8868,7.20390674569284
8869,6.42622490949668
8870,5.0630031094921
8871,5.94956603568661
8872,2.59436667386116
8873,2.91448898691523
8874,6.90148977052108
8875,2.14323198765568
8876,1.87741457799925
8877,3.5028689542337
8878,7.45379253765979
8879,6.85722049633839
8880,1.07528329972427
8881,3.88214147385948
8882,4.29607331148428
8883,1.87041656002518
8884,1.56758905798745
8885,6.424818613267
8886,5.48218172534003
8887,5.9582876428265
8888,5.53288025888714
8889,1.2895625058467
8890,2.95679592371619
8891,0.683600143841718
8892,4.07861217736684
8893,4.45252147893236
8894,4.61235371312587
8895,4.73555299872039
8896,1.29249364804526
8897,4.60217380397505
8898,5.46945184871414
8899,6.00980007315496
8900,5.01790071282489
8901,0.227480894581984
8902,1.86238426444812
8903,6.55924954467507
8904,3.3097054347815
8905,1.83821792322388
8906,6.60310609052151
8907,3.68164296685438
8908,1.84271966818323
8909,0.446823148133817
8910,2.40119907445141
8911,3.30855166757473
8912,1.35074788458484
8913,6.24921991910635
8914,3.17456528913721
8915,6.1643682200313
8916,3.04189155378072
8917,7.61146121286974
8918,5.09707612946568
8919,2.53556379994957
8920,4.45430897181376
8921,6.26183048524268
8922,5.44021718010262
8923,6.24570331501457
8924,3.61288852242116
8925,0.807389023204544
8926,3.10364975863818
8927,4.15977204057586
8928,4.10148820507234
8929,6.74038444358033
8930,0.816486136224974
8931,2.60644680312183
8932,3.94386912219448
8933,3.37424754892138
8934,4.81889769502529
8935,1.19119930762973
8936,3.75131813901232
8937,4.10136499855737
8938,4.23866688739528
8939,6.87871119766474
8940,5.86847080159342
8941,1.00383017205799
8942,2.15530120910509
8943,6.53522136118957
8944,3.14740767589208
8945,5.72816057853846
8946,4.460684653051
8947,3.60385560926721
8948,2.47081612076147
8949,4.79209997340209
8950,5.33326009416792
8951,1.95993648756792
8952,2.95331593463192
8953,4.15656916433223
8954,5.39629154760162
8955,4.04720644374141
8956,3.68417423071776
8957,2.51788614819832
8958,1.50718568760556
8959,2.46564118682048
8960,1.24445694012895
8961,6.93948950609165
8962,3.04357657729535
8963,2.17215758946
8964,6.15256701127975
8965,7.32105827818295
8966,3.94290920452467
8967,6.64202900717756
8968,4.93379249938935
8969,6.44284732442843
8970,3.35392925225404
8971,3.70389999393562
8972,0.788560477490504
8973,2.30058598844206
8974,3.23814475950653
8975,2.99524321370711
8976,3.63426787670014
8977,3.93905735499992
8978,6.58287824502996
8979,0.836772131273134
8980,6.53172494408016
8981,4.76734002331502
8982,0.699130026626745
8983,0.866454403697716
8984,0.94303323564421
8985,5.94998893704336
8986,6.16522122409513
8987,3.26676222887819
8988,0.755567825563751
8989,5.031722025803
8990,4.82966357502273
8991,3.76693842695479
8992,5.99838440696778
8993,1.72269034127891
8994,4.37602392851576
8995,1.73017466634711
8996,4.4364798766961
8997,6.22079703600463
8998,4.76136141651009
8999,6.02920051861958
9000,2.81071332802486
9001,3.20316540249799
9002,5.69370505937906
9003,6.9268487851381
9004,2.56696973462754
9005,7.46994554443738
9006,0.336794426736614
9007,4.7310167274908
9008,5.75242888691349
9009,6.26851670905936
9010,1.16478161015221
9011,2.81884103923875
9012,4.12405428387653
9013,6.35442806145017
9014,4.54879553246538
9015,1.0956406230931
9016,1.08005299851338
9017,3.15708813785739
9018,4.74417989669582
9019,6.02410808788535
9020,5.32376170473854
9021,6.2193368302775
9022,3.01831844874994
9023,6.94413810390616
9024,3.97722640118806
9025,7.64443503030732
9026,4.7825937681372
9027,6.36384114649112
9028,4.86953638633169
9029,0.69785484957901
9030,1.25949923840929
9031,5.73277282865373
9032,0.859333306664097
9033,3.51673493112032
9034,1.28437188498169
9035,4.04580408456084
9036,6.78683425017597
9037,2.73732963836599
9038,4.83573146591817
9039,0.682043607947192
9040,3.72695570108903
9041,3.21423202991954
9042,6.80254311617756
9043,2.55248364664924
9044,2.38489580512567
9045,1.13145839171948
9046,4.19329450690041
9047,2.69848677263979
9048,4.55821169729169
9049,1.87708851028437
9050,6.23570059302213
9051,3.79303401557529
9052,5.45991922887047
9053,3.75731991005746
9054,3.41273235687607
9055,1.3276529607383
9056,6.89305416742372
9057,5.62847997842397
9058,7.03793853016347
9059,5.88102534253876
9060,1.49949403750254
9061,1.11316588096428
9062,5.17705565259048
9063,6.42055041388586
9064,5.05160989593454
9065,1.78800691291073
9066,1.50224905031951
9067,2.81392777447777
9068,7.60788789456583
9069,5.31124592379626
9070,0.732436186221066
9071,1.33232441491283
9072,6.71330145222891
9073,5.99133235983189
9074,1.92332289587233
9075,4.08108003889128
9076,0.988058556682244
9077,2.85417545147242
9078,2.09304593352547
9079,6.10225479514297
9080,1.87745741698477
9081,3.82506699757525
9082,1.45141785518898
9083,1.22703367978671
9084,6.49322594857998
9085,1.75139558728197
9086,4.37304102380945
9087,6.67176950292938
9088,8.14312239303672
9089,1.16233768528141
9090,2.89639386623793
9091,2.7586395276423
9092,4.77999094681653
9093,3.25127530992917
9094,5.13338283057939
9095,1.72948688179287
9096,5.27388674035851
9097,0.810303975220848
9098,4.94441988695552
9099,7.2285040696055
9100,5.63825828244341
9101,2.44890176400707
9102,1.20273274646093
9103,3.07786936424398
9104,4.89140899646967
9105,0.763628535761103
9106,4.94799231453399
9107,4.87589722126843
9108,6.70017986965556
9109,5.36667055933938
9110,3.44032325097067
9111,0.861883038175547
9112,6.90646435732241
9113,2.81449875653496
9114,4.64741521882267
9115,4.62819777340747
9116,6.60226832881841
9117,5.93370325658166
9118,3.75236663174652
9119,5.95302525400986
9120,4.00259240504068
9121,5.25870724428268
9122,6.09655025093112
9123,2.91514579257562
9124,2.46076432449771
9125,2.77459870474985
9126,2.70444886342148
9127,1.92531309773118
9128,0.850354564031433
9129,1.29145163519228
9130,2.23009299005137
9131,4.53348186777073
9132,3.47768365727597
9133,3.08171293523875
9134,4.48527926236247
9135,0.820524340196858
9136,5.07335474376284
9137,6.71949302433565
9138,2.73138524278968
9139,2.95354105653753
9140,5.88366613471653
9141,7.14504118708851
9142,1.86920519768953
9143,4.76518833009244
9144,6.43961239152316
9145,2.68466614064887
9146,3.74214411599819
9147,4.76429252585107
9148,6.51151681964353
9149,2.62409406392801
9150,0.890868539895955
9151,5.19133087687503
9152,3.1890033512305
9153,4.97078387199282
9154,2.34418295455426
9155,0.783361808878684
9156,3.60225187744678
9157,4.91501281552935
9158,6.86037519954305
9159,5.69879894583962
9160,4.52633986236832
9161,1.79117454227158
9162,6.6659257963601
9163,5.31539642256416
9164,0.785427305521675
9165,7.17005922015257
9166,1.50647804859985
9167,0.886978689172787
9168,0.828914376163371
9169,6.64104342899217
9170,2.4821407975483
9171,2.18806380615036
9172,3.86308432445429
9173,6.75909583869314
9174,5.04984827493703
9175,0.743485200053812
9176,5.4871771611791
9177,3.19654295715246
9178,3.80370139104582
9179,1.72024183438378
9180,2.9965598291527
9181,7.29190582096855
9182,4.53956227288593
9183,6.67753065597702
9184,1.84634222648838
9185,0.71682452991698
9186,6.64920991590511
9187,6.10573197283056
9188,1.05474485842709
9189,0.848501126844088
9190,4.65661403589843
9191,4.18407503510174
9192,3.62689155762781
9193,4.34437981952785
9194,3.51206827407115
9195,6.13458671953697
9196,2.15452054449149
9197,2.99215082901377
9198,1.66860866631612
9199,3.57948744970706
9200,4.19449543553263
9201,3.52972255574866
9202,3.38821697592641
9203,3.30061282238008
9204,0.351851999692852
9205,4.44535168233027
9206,3.14827390813093
9207,0.637129239451436
9208,3.9541104656357
9209,1.2709726986984
9210,3.47607867013227
9211,6.60079006590589
9212,3.33209209235035
9213,5.79053249644639
9214,7.55048711088724
9215,4.185007901347
9216,4.0543112713577
9217,0.852003304980606
9218,1.19809680886039
9219,2.58919275567785
9220,0.622190363018413
9221,4.39144397116828
9222,5.45266370558625
9223,6.4902166692424
9224,1.36513096376638
9225,1.1412444789731
9226,6.75492968928865
9227,5.2423927734056
9228,3.0333384187257
9229,7.26103241479916
9230,1.99660149322385
9231,4.01773295971007
9232,2.77327016448592
9233,4.00195204547361
9234,6.97721486287143
9235,4.0918985895563
9236,4.65878499260328
9237,3.74835518709778
9238,6.85178512277937
9239,1.59585959245375
9240,7.36813675517651
9241,4.33055830523025
9242,6.89242276802289
9243,4.82639522072647
9244,0.723619287399751
9245,4.47002157042006
9246,1.04621290951566
9247,4.1255794495591
9248,6.55483977133698
9249,4.09064699186727
9250,2.55883942630789
9251,6.65847946585008
9252,6.6605700114912
9253,0.90305401254382
9254,6.76943502619444
9255,2.99181673684418
9256,3.8377738569415
9257,7.47414331790672
9258,1.30728394972163
9259,4.86860701788937
9260,6.5452326245259
9261,7.69795455351769
9262,1.96763774735251
9263,1.60483669382679
9264,0.747948327022036
9265,4.55277745545161
9266,5.86972536317839
9267,1.58653274307569
9268,3.72681262642776
9269,4.05373017892109
9270,0.950052448510626
9271,1.50502787247498
9272,2.98814353397754
9273,3.49387640361653
9274,7.27049666125848
9275,5.95209661511543
9276,6.66866997282921
9277,2.39635034803658
9278,4.38455790247831
9279,3.94333187987953
9280,4.01062985736368
9281,7.01127227614659
9282,7.33048356742814
9283,6.90541493907791
9284,5.04487278273161
9285,1.09580952124204
9286,3.47394036466373
9287,1.23851404620782
9288,3.84170788382686
9289,0.836477759433411
9290,3.47275660863568
9291,4.88540967759767
9292,7.39635227202315
9293,3.38869686697293
9294,6.93860840690191
9295,0.876294761865399
9296,1.47405670381471
9297,3.78927400170813
9298,2.59158244610417
9299,0.849755485243658
9300,5.63326608685068
9301,6.66066125242076
9302,0.728392899146454
9303,2.00055185978917
9304,3.76687606025489
9305,3.19796310852026
9306,3.26744984082088
9307,7.17370966414605
9308,5.97726797662771
9309,3.46045092123377
9310,3.17458345136165
9311,5.80341490612801
9312,7.44303960644547
9313,4.67092925274185
9314,5.78742084052169
9315,4.10926636422563
9316,2.29465971369973
9317,6.28884842308808
9318,2.68220123824737
9319,4.98364922256623
9320,4.32255305099394
9321,2.15781596239199
9322,0.826308617967912
9323,4.02083731533456
9324,3.460447867501
9325,4.39221259727575
9326,6.97784727876371
9327,2.30993760487737
9328,2.64840436893443
9329,4.92306677466877
9330,6.80586934852404
9331,0.834980169123043
9332,4.33788875035096
9333,6.94035829479688
9334,4.15658298297039
9335,1.60716884431096
9336,4.72220915433725
9337,3.83289176369163
9338,6.58038932006428
9339,3.75597960267009
9340,7.35031786852066
9341,6.71767162110056
9342,2.82473005409207
9343,6.03266133781406
9344,7.12075117483381
9345,6.32952855719872
9346,0.697791786410769
9347,1.28154814589364
9348,3.76975203856227
9349,5.2490188899863
9350,5.45774059373672
9351,4.3304992555137
9352,7.26644816968867
9353,5.26903529119678
9354,6.05166809464545
9355,7.53925579004941
9356,0.986907763399436
9357,5.06229339424643
9358,4.91499622441381
9359,1.62447531498554
9360,6.9623374305789
9361,1.31602549076835
9362,4.93419891913142
9363,6.14877505069687
9364,4.76651695498709
9365,0.767914870013845
9366,5.4394443184575
9367,3.29389367496437
9368,6.90697324963349
9369,0.730431200148561
9370,7.01903632697297
9371,1.44183914160644
9372,3.66857319847508
9373,6.87974647297373
9374,6.92697848759551
9375,5.11537357390863
9376,4.60412710734589
9377,5.76204447800845
9378,0.528961459005469
9379,2.70731788711578
9380,5.96651379589764
9381,4.29517576353839
9382,6.74916432049856
9383,4.26971298840663
9384,0.794191130934481
9385,1.40477953826233
9386,3.20226848990676
9387,1.35758528814358
9388,5.84696926630092
9389,0.90507769648672
9390,7.25983030432543
9391,3.95871571347422
9392,1.80045304441274
9393,3.55606473258937
9394,4.36833771282137
9395,1.24898543004015
9396,6.81114574822259
9397,4.65249337441059
9398,4.06064870589496
9399,2.64606098953016
9400,0.781956921641427
9401,6.97273938434962
9402,2.99485425612886
9403,7.10912267220058
9404,4.26882283831886
9405,0.880814880965283
9406,6.22829036478074
9407,0.801218407479845
9408,0.393731228276455
9409,2.48098830718546
9410,4.72299869790635
9411,5.68222974584576
9412,2.4570109505105
9413,3.16421805061212
9414,1.12021536663107
9415,2.68782319968894
9416,1.77303478548891
9417,6.67666591438345
9418,5.06024621323179
9419,0.836878272692812
9420,1.99420548994116
9421,1.03681418052548
9422,2.01919915233029
9423,1.01719688099882
9424,6.15500339679965
9425,6.24662325364106
9426,3.31859971068855
9427,6.91009317504426
9428,1.78385592556708
9429,1.04592603225383
9430,2.39794445656183
9431,4.11556464547758
9432,6.55953494381944
9433,7.04101105555756
9434,6.91862663245895
9435,2.12587942449358
9436,6.48628680811335
9437,7.5019612365888
9438,6.08578231430919
9439,3.70780945821288
9440,3.1793749801279
9441,0.797799395386751
9442,0.889563448449793
9443,6.95398257560245
9444,2.96207167542078
9445,6.94845411390299
9446,4.36567721746886
9447,6.95700684380995
9448,4.54660307939236
9449,2.08340699374304
9450,0.789556857184907
9451,3.60487628009026
9452,4.99119356676146
9453,6.20780902829428
9454,0.897883964259396
9455,0.690483638573242
9456,2.6546215184689
9457,2.71345450585411
9458,5.4329658737298
9459,7.21074542381976
9460,5.84033300610175
9461,3.56778531664174
9462,1.84382164826207
9463,7.13421807134995
9464,3.08374550440197
9465,4.05145479164455
9466,2.7589397195305
9467,5.77489185592447
9468,2.63778016018326
9469,1.43403462715492
9470,3.43779143248753
9471,4.07581118178312
9472,6.47484349706756
9473,6.56111876208526
9474,6.61052407910449
9475,3.73399001468314
9476,8.36329133485065
9477,5.53149350780551
9478,5.36381603102567
9479,2.22016011077835
9480,3.12331858949084
9481,5.81784044152439
9482,3.33994463056913
9483,7.04620568579773
9484,5.26313591735954
9485,7.15550597810273
9486,3.79835415740937
9487,5.79154804860786
9488,1.17862255910939
9489,5.58776467542301
9490,6.62221554244028
9491,4.99648369222254
9492,6.68727021164425
9493,4.99902333925797
9494,5.41721803311554
9495,4.82155689618257
9496,3.0919838194501
9497,1.12181806381806
9498,6.72245587632837
9499,0.859925362650944
9500,6.30565927403791
9501,6.86334739210999
9502,4.44776975779048
9503,6.75902664240979
9504,6.86627781902652
9505,0.794765486411655
9506,3.3081647192352
9507,2.01453007232527
9508,0.878126696520995
9509,3.00799406089977
9510,0.776751981790855
9511,6.51420403825711
9512,3.13622611295161
9513,4.63475739700451
9514,4.71014952631422
9515,6.42074639154694
9516,3.13432779871686
9517,0.928629679949603
9518,1.56719337405033
9519,5.71174155391788
9520,1.19115559045054
9521,6.88568936179214
9522,5.69587897294272
9523,5.05673470452729
9524,1.46358931865428
9525,2.8861764727022
9526,6.979746045033
9527,0.776742889344782
9528,3.25235271197397
9529,5.94213424961551
9530,4.05498119427441
9531,3.61923531943955
9532,6.9268121488832
9533,3.58143042303079
9534,3.46001314352018
9535,1.89844077917408
9536,2.5446600128926
9537,0.760921261827096
9538,4.0740844812385
9539,5.58157921055643
9540,5.65122041708155
9541,3.02596175716986
9542,4.23492483381373
9543,1.32853696832788
9544,0.803597876043705
9545,2.09496274412321
9546,2.5897037049946
9547,6.41757861208364
9548,3.46952630840714
9549,4.80322448148778
9550,3.67940595916327
9551,3.82785470103733
9552,0.926016276457292
9553,6.85283844479051
9554,2.77426802555455
9555,1.30935888011104
9556,3.25750738154247
9557,2.56719188410537
9558,3.63125648983213
9559,3.10442712122646
9560,6.73155490339435
9561,5.46563512680407
9562,5.63712001948906
9563,3.67143923745437
9564,6.40120851526527
9565,3.8339015441315
9566,7.23853644062846
9567,0.380306439784641
9568,6.23964997869039
9569,3.98497080993107
9570,1.16400260951166
9571,6.56407628880243
9572,3.00816359872777
9573,4.5456456803924
9574,1.20911419018644
9575,2.33675949400748
9576,1.22139771540215
9577,1.65699617872929
9578,0.854854227108675
9579,5.88956333130563
9580,7.17091957263896
9581,0.809762891565844
9582,1.21654492671441
9583,1.71881992324407
9584,4.08273650499297
9585,0.949995799165159
9586,4.63142004518947
9587,3.73693165736247
9588,4.98892162246087
9589,7.26330582299932
9590,1.01139190444175
9591,0.857679896616303
9592,1.20113227658988
9593,1.15058738158881
9594,0.701519168994447
9595,6.65157989172792
9596,4.32193711829965
9597,3.45368237241067
9598,3.39880922860368
9599,6.00263910645127
9600,5.49294588027018
9601,0.982513476986667
9602,0.820784224008744
9603,4.98531243283629
9604,5.02477778147021
9605,4.61662940945258
9606,6.52235163553169
9607,1.57608479397037
9608,6.54338580294124
9609,1.30320007508397
9610,1.82817322398159
9611,6.88270442562472
9612,1.93603674364709
9613,0.722463829920793
9614,1.13784394874656
9615,4.04626704084791
9616,3.2549313392856
9617,5.34794520646288
9618,4.91358776766705
9619,1.21053037591528
9620,1.46245796950638
9621,2.45188378709674
9622,4.05517596777642
9623,3.06220459120288
9624,0.996879655766099
9625,0.81675269084657
9626,4.97506470910689
9627,0.464128971313008
9628,2.5448195579489
9629,4.92539754574183
9630,0.784362344863529
9631,4.39687709553865
9632,4.57138912459616
9633,5.64353217886101
9634,5.48805254110089
9635,1.46760415968755
9636,4.58029920537399
9637,3.23859280237953
9638,1.51870957826194
9639,3.54423007988441
9640,4.72018663006415
9641,4.73823126521845
9642,2.13928470499167
9643,2.80219174458166
9644,3.63089987105597
9645,0.843255386622297
9646,4.08783974237528
9647,6.47970682068958
9648,3.23056498778543
9649,1.2983252337827
9650,1.93289019521072
9651,6.8612973909991
9652,7.05191225228632
9653,1.60097303562626
9654,4.78425360399651
9655,1.2651305183022
9656,3.39499112849986
9657,6.56757735633272
9658,3.20455442388813
9659,0.814129263740852
9660,0.887155677095297
9661,4.41812730048017
9662,1.47408685846607
9663,6.47001881627774
9664,3.37966913577341
9665,6.29021478850115
9666,4.51136639515491
9667,3.46440705578795
9668,0.76871067132513
9669,4.49200958648663
9670,5.03380524070903
9671,4.59773066229728
9672,6.81770232224868
9673,1.60740486104389
9674,1.89412212613177
9675,6.33848715402899
9676,7.01271139497461
9677,6.85366720876772
9678,5.54325302767328
9679,1.18309683788901
9680,7.00970848778221
9681,5.03336972236816
9682,3.85139987780764
9683,1.18913670809478
9684,1.8381709815141
9685,3.25188125825897
9686,3.0708243952234
9687,3.49736482820604
9688,1.77131458264192
9689,0.705221652097481
9690,1.53228032127897
9691,1.35360508845527
9692,7.18230673252341
9693,1.43870357324758
9694,6.74673201779409
9695,6.66588988721779
9696,5.08463613249612
9697,1.44233652020477
9698,0.761217704642705
9699,5.2872159032858
9700,3.65571817885185
9701,0.774814786398203
9702,3.30942034689885
9703,3.89742064059777
9704,3.21218972762003
9705,6.01119176417043
9706,3.55710354434402
9707,1.9018607467053
9708,6.93342602789978
9709,2.96075953353125
9710,6.85984419842405
9711,7.40414077546488
9712,2.02629389595109
9713,4.31475834932886
9714,4.53916604068287
9715,2.37116898941998
9716,6.35047297934707
9717,4.19461809648922
9718,6.81882747260239
9719,7.11146803963853
9720,1.07332416471018
9721,6.78929928304283
9722,0.752440130195027
9723,4.35107365834578
9724,2.5874775309125
9725,4.25838631728281
9726,6.11754111481619
9727,1.98142829938246
9728,6.25556588405823
9729,7.00583427146871
9730,3.99212592488933
9731,6.91382296088999
9732,3.92843944734405
9733,6.98552039067132
9734,7.10632571915539
9735,5.50195954252576
9736,3.5956698926483
9737,2.56557388549091
9738,3.01434840411322
9739,1.56121302211165
9740,0.756200100050459
9741,1.80196377715214
9742,4.16333364171336
9743,2.18867205147769
9744,3.88057879036527
9745,2.87031307702356
9746,4.49731216111048
9747,0.421126690123163
9748,0.993502793434996
9749,3.02114638554496
9750,3.32583491040867
9751,6.12262268754003
9752,3.7167773712139
9753,2.8047621404786
9754,2.70977040630819
9755,5.69400758726521
9756,2.12849106450093
9757,5.79433406457856
9758,4.22839688097396
9759,5.62894151043925
9760,0.840515022011246
9761,2.49412302075043
9762,3.33065135246002
9763,3.94019301456559
9764,4.87689756063523
9765,4.85314438606799
9766,6.19405344379801
9767,6.42457245055165
9768,1.5035926019093
9769,2.10943158359097
9770,2.05974580561483
9771,0.828723285120919
9772,0.822266011524188
9773,0.776533159959138
9774,5.61771382370433
9775,5.09475629101674
9776,5.03058416374446
9777,6.02585548887088
9778,6.97828132447164
9779,2.04564506020489
9780,3.92890481539779
9781,4.13005243296165
9782,4.32329855020837
9783,6.42854718164385
9784,3.43782889218853
9785,0.932134322580711
9786,2.00187503848849
9787,1.57754263915376
9788,1.23884134463351
9789,7.2543137612296
9790,4.91175280962718
9791,0.953435474321451
9792,4.31150797083866
9793,2.10111371649755
9794,5.31678685408024
9795,5.67171326639
9796,6.91900646367093
9797,2.09956228474809
9798,2.21477732535757
9799,6.1142472281052
9800,0.952174200693527
9801,5.33961852515774
9802,2.87283254959645
9803,3.66772258703923
9804,2.75169448149569
9805,4.04541535050345
9806,6.68112955443388
9807,6.59084036390069
9808,2.52113215806187
9809,5.62406275305148
9810,2.61361255501433
9811,1.37001626642189
9812,4.43540738523885
9813,2.3641301053846
9814,7.12840085685966
9815,3.77392123501745
9816,0.759962442283132
9817,2.11034288149047
9818,5.38028698807791
9819,5.46090839768239
9820,4.79886069071417
9821,2.9878677379893
9822,1.526606098391
9823,2.41477496203155
9824,0.72713146961884
9825,7.01710566522124
9826,0.926056831491604
9827,5.64293317653842
9828,1.43331700829572
9829,2.86280799973717
9830,0.346577255997638
9831,0.399108171515908
9832,1.29318821113889
9833,2.19226002214097
9834,3.34935116037294
9835,3.6444994112434
9836,1.61050240550051
9837,6.52394313115806
9838,2.50077369872172
9839,6.31796431803419
9840,6.13946732211902
9841,6.34949728293355
9842,5.36983913846711
9843,4.01117627163659
9844,5.49041302730115
9845,6.39569738757951
9846,7.25504414459558
9847,3.85352971433735
9848,0.337820630896425
9849,0.632485851531287
9850,6.25955319374128
9851,2.7114920389249
9852,2.44526805758807
9853,5.36939008125298
9854,2.36664558730622
9855,3.99651564557341
9856,1.33423308248966
9857,5.21595483077087
9858,5.99718221839655
9859,0.929625356738695
9860,1.30429356818157
9861,4.34271734731435
9862,4.07131119841187
9863,2.41659927636237
9864,5.29664683343963
9865,6.74152053970339
9866,4.81669916786936
9867,2.79336351075107
9868,2.57075064010683
9869,7.03550224116794
9870,1.14485668619144
9871,3.22500665871601
9872,2.58159792280115
9873,1.19211627816282
9874,6.96986624965171
9875,2.19197367497002
9876,0.832488793405053
9877,3.04267960788139
9878,3.86417611028909
9879,4.80668216573373
9880,3.04812862399899
9881,3.03248220458543
9882,0.894788844587811
9883,5.02104781674433
9884,1.3602660533231
9885,1.19250641262434
9886,7.29947370864889
9887,5.4155165586322
9888,4.41931286047179
9889,3.97284607300846
9890,5.33476666579713
9891,0.773358727985078
9892,4.2012700826866
9893,1.13390923125847
9894,6.98540728712191
9895,6.99593630357626
9896,0.90856815291007
9897,5.89959561682662
9898,0.717554013916187
9899,1.91652550483589
9900,1.02874327899285
9901,6.72856401377131
9902,7.42552241379776
9903,3.31131138066596
9904,3.41671190533481
9905,3.07195877877942
9906,3.15093274103916
9907,2.8664612749619
9908,0.953051399628584
9909,3.01764815906616
9910,1.30626100257966
9911,2.82588455647684
9912,6.00084461715585
9913,3.68186249564791
9914,2.85587929821947
9915,3.06350814132046
9916,6.41828912189505
9917,0.508440003300195
9918,7.02010708082009
9919,5.86122688351376
9920,5.22102934380343
9921,5.0025498109382
9922,6.55612012724002
9923,6.69597342803439
9924,4.27221873810342
9925,1.20179244309587
9926,2.81536934245246
9927,1.4110332719484
9928,3.37319107152107
9929,0.983728884248013
9930,3.49936932547971
9931,2.75402215126064
9932,3.07409266515774
9933,2.49607725665115
9934,0.812669548617762
9935,4.08481710893554
9936,0.864733582305266
9937,6.99990719676581
9938,7.23524416528105
9939,2.4010257733818
9940,0.722593555361255
9941,6.63376073751266
9942,1.40207221891007
9943,3.31817949747436
9944,3.50484879010269
9945,4.99652384085688
9946,2.24583516401255
9947,1.3887501906052
9948,1.18772469658726
9949,5.29110479160144
9950,1.62957118779697
9951,4.93028574526013
9952,0.904563410128473
9953,6.05122921647262
9954,1.13577808913045
9955,1.26231936367748
9956,4.24500516346846
9957,3.48342132723086
9958,1.67305491677997
9959,0.510577324685304
9960,4.02242791091309
9961,3.68050010400444
9962,0.788646666057859
9963,4.90374605044085
9964,3.74133232551517
9965,3.82459161402315
9966,4.08961306394212
9967,4.99817217540239
9968,1.31863892039581
9969,5.10531803734425
9970,6.15660351540703
9971,5.08411438655631
9972,3.4508432517597
9973,6.38095741566145
9974,7.10193439432784
9975,5.4297115195985
9976,6.39435765655675
9977,6.77656799383598
9978,1.53580488073215
9979,6.30059592424823
9980,4.30836126202827
9981,5.89344589572119
9982,1.03464411176325
9983,6.65983702489311
9984,2.77347567180658
9985,3.75227405481589
9986,3.45770523576475
9987,6.5362561090577
9988,4.61941054743589
9989,2.42597415800261
9990,6.87292543300725
9991,5.43810424919501
9992,6.43421571020092
9993,3.5861661347316
9994,7.07381341027413
9995,3.27200896824087
9996,7.71540067016376
9997,0.809669330218754
9998,7.46559512195548
9999,7.25035049153638
10000,4.45509146060196
10001,5.83622804825644
10002,3.29163331560401
10003,1.30196987405607
10004,5.13097333692352
10005,1.26772112940757
10006,0.832577543896654
10007,5.68565302926335
10008,1.37322787206896
10009,1.1526932121036
10010,4.04093104222735
10011,3.11788175231923
10012,1.42791389467184
10013,6.19591710717371
10014,2.93422251039345
10015,6.78199210024404
10016,3.39158797253128
10017,4.09292274946104
10018,3.56347474651644
10019,4.42895651266659
10020,3.34183610609847
10021,4.14575920665227
10022,1.50035252895381
10023,6.22410208179564
10024,0.828782619913195
10025,3.88219172259656
10026,5.39451202605593
10027,6.83925660035625
10028,3.6289632711966
10029,4.96826686178467
10030,5.69681635547337
10031,1.2899977995958
10032,4.17448620492817
10033,5.87581432999672
10034,4.60386950193869
10035,0.820267113854358
10036,7.15460371113872
10037,0.811137911865954
10038,4.71326099139584
10039,2.52153348560176
10040,6.40721398787925
10041,1.05739470114137
10042,2.3467642142498
10043,0.852737575987607
10044,6.15718972004992
10045,2.01370127751485
10046,4.89044010991812
10047,4.93601925884001
10048,3.14585744931289
10049,6.47409046221672
10050,3.8128403909408
10051,2.82341086128206
10052,1.12958170250501
10053,2.67734409059315
10054,2.34583613177813
10055,1.1519822142028
10056,5.72155973142156
10057,2.69762235438174
10058,3.35516752942199
10059,2.52145394619688
10060,6.64586124626765
10061,3.12078195449128
10062,5.18512387053739
10063,7.23091909684167
10064,4.70250388726134
10065,2.89070134573424
10066,2.81271972794063
10067,0.950068884239267
10068,6.72928987012805
10069,2.69806212833729
10070,1.71097233780277
10071,5.96459001417376
10072,6.23149941499928
10073,3.44949944635305
10074,5.29929169063181
10075,6.82651694874907
10076,3.36895196654712
10077,4.67983085017642
10078,4.21116444778377
10079,6.51151803439416
10080,1.93374991344134
10081,4.47634062011811
10082,5.37140193729325
10083,2.83387000240318
10084,6.85966527568195
10085,3.69969333739304
10086,4.25415282758498
10087,6.14362230071165
10088,6.51309774939499
10089,4.73078564209336
10090,5.29205230005959
10091,3.94230589577449
10092,6.13925056069271
10093,6.86351889567998
10094,2.38490441243067
10095,1.01410025914529
10096,0.883197050954196
10097,1.09948148907842
10098,0.858324069679921
10099,6.92194540546648
10100,0.367068607123297
10101,6.99565506462837
10102,0.751862859807171
10103,3.90102107575916
10104,6.94796180759329
10105,4.72050980905053
10106,5.41329463194487
10107,0.769471772153712
10108,1.25035497834361
10109,5.6853294985536
10110,0.840111901811781
10111,0.831086575369269
10112,2.48069602437063
10113,3.84766049775308
10114,1.41357316919525
10115,4.58934392873627
10116,4.48730285529881
10117,2.44638428426109
10118,5.72041044152646
10119,4.56357398464428
10120,7.50536727707674
10121,3.22301413632179
10122,6.27586713270716
10123,4.32789040495564
10124,0.732229867704685
10125,2.9709247845134
10126,4.5591319833006
10127,4.66146933671883
10128,1.42458535868333
10129,6.17996221679954
10130,2.62663311316365
10131,5.63200656027668
10132,1.01751786069127
10133,2.04401092749188
10134,7.64379833064973
10135,1.13875577673306
10136,7.00198911274231
10137,4.42792424990788
10138,2.00220944301995
10139,1.75531184648895
10140,3.35762949527273
10141,6.06521337426546
10142,7.63477106167529
10143,6.95675461482922
10144,2.47843860047701
10145,0.772012857772381
10146,2.99345403814923
10147,6.04773288748338
10148,5.42100792163095
10149,5.62002150238467
10150,3.60239006198141
10151,1.2187642975442
10152,3.43520902601961
10153,3.00236949196538
10154,3.94250587751338
10155,3.04401936186363
10156,2.81956604363839
10157,2.38795079771405
10158,1.74926620773928
10159,0.736726909203382
10160,3.94834562226208
10161,6.79719530641867
10162,6.59101522264878
10163,3.0266720354391
10164,4.45836712260764
10165,0.896993581104071
10166,3.36602703451651
10167,4.15834032389368
10168,7.23445868401684
10169,5.90635264307876
10170,7.24686938025814
10171,2.15531744532683
10172,1.6483904779226
10173,1.09046990998177
10174,5.49758966039682
10175,3.44516336781031
10176,6.97854695010866
10177,3.92124739533729
10178,7.55596140825765
10179,3.02377138206583
10180,6.66092675363821
10181,2.76811715325587
10182,3.28910393457717
10183,5.13047428407076
10184,5.25178371877779
10185,1.42981914489198
10186,4.36835053035756
10187,0.86780677742017
10188,7.07870469368154
10189,5.01748628187655
10190,1.90259616949085
10191,5.65135874708557
10192,0.970559677072197
10193,5.52392036596746
10194,0.860006108471502
10195,3.56673583911014
10196,6.37245401783668
10197,5.23205190868329
10198,1.45247885864585
10199,0.468689839667494
10200,5.53151357745838
10201,4.80000539203689
10202,6.23424693026612
10203,2.75588475383465
10204,3.40535348389201
10205,3.65264656905971
10206,4.60049925357596
10207,4.80308114911201
10208,7.10706797713721
10209,1.24852370717696
10210,3.63324405560787
10211,1.29632322447256
10212,4.03507976580056
10213,7.21507842492946
10214,0.734414211043707
10215,4.92305438455682
10216,2.09363620040055
10217,2.51353006441344
10218,4.28757734103417
10219,0.838793321709274
10220,4.18542500128934
10221,3.07775901635671
10222,5.61490465235992
10223,6.15817089816249
10224,5.39329631364054
10225,3.2556439299803
10226,3.27414635604244
10227,0.755225042562367
10228,2.53383329071304
10229,5.528554937881
10230,2.48220417730887
10231,5.73288836413248
10232,3.46930582714319
10233,5.63548099540406
10234,0.661271228581161
10235,0.725035804000748
10236,1.53829725264951
10237,5.29373946069916
10238,3.58445589685463
10239,0.739709121540241
10240,5.30828555240279
10241,6.71739523148401
10242,0.824446247526697
10243,0.823208539668532
10244,0.709911829773714
10245,1.32133913095601
10246,6.78100586333796
10247,3.88634160761724
10248,0.803728589316303
10249,1.76086820624459
10250,6.69481103593923
10251,6.93919663861773
10252,3.39209088573452
10253,3.17062989070859
10254,7.17240613717536
10255,3.30953477998785
10256,3.63825818750932
10257,2.79170460804694
10258,6.60793241616071
10259,3.77588379689179
10260,6.88879345235285
10261,1.38360733059468
10262,6.63544382624927
10263,2.81533453889968
10264,2.72902502723088
10265,7.02142650924559
10266,5.03309436267214
10267,3.8474233794689
10268,1.44957390797738
10269,0.861065056199213
10270,7.16875557990684
10271,4.29962749307868
10272,5.92621238104809
10273,5.99880600009844
10274,6.50051927973669
10275,5.43917417404461
10276,6.16330392396562
10277,7.11410733617768
10278,3.78623818325293
10279,3.52399449266203
10280,1.30291428092407
10281,3.11599202857442
10282,1.4125186091905
10283,7.0890353900144
10284,1.67176301359444
10285,5.11190404034155
10286,3.26535951821082
10287,0.851554293219517
10288,2.36591848757699
10289,7.04701611974032
10290,6.84442401119337
10291,6.88918641401975
10292,1.18260167549675
10293,6.16452122868523
10294,1.17540573088177
10295,1.17875331446116
10296,0.813262569847276
10297,5.84809951627826
10298,4.12458720942905
10299,6.59046801827977
10300,5.83959379325089
10301,6.843529974518
10302,0.361268165249807
10303,3.48491318815148
10304,7.33416179257835
10305,2.38381569221879
10306,6.94139950757399
10307,3.87412768549844
10308,7.27755511514137
10309,6.18865467120615
10310,2.77405272798683
10311,6.03157100499662
10312,0.680192795434253
10313,2.78313491921269
10314,0.828513113991498
10315,4.48844052622995
10316,3.07121026641801
10317,4.48561546651608
10318,6.94287250997364
10319,2.48968399662266
10320,4.14095581705182
10321,7.1441570220956
10322,0.748284635771637
10323,0.86965110860117
10324,1.1863345118259
10325,0.711960648221292
10326,2.82538229129573
10327,6.97108476147155
10328,6.02886373168716
10329,3.55428919248924
10330,0.496801895272713
10331,3.1051695211365
10332,4.66906438212213
10333,0.832612544934808
10334,0.813841103484537
10335,5.72933649446446
10336,3.40185387909055
10337,4.03394791672298
10338,4.42273731090979
10339,6.87447039823212
10340,0.310437636468092
10341,6.5369201158814
10342,6.05676166411177
10343,1.40612236184488
10344,2.80146448156993
10345,2.68760471603792
10346,3.46621424823218
